kaggle,0,6,ORG
second,2073,2079,ORDINAL
zero,2263,2267,CARDINAL
one,2544,2547,CARDINAL
uyte cs,2899,2906,PERSON
february fall,3417,3430,DATE
gre,3520,3523,ORG
gpa,3569,3572,ORG
ken yay,4179,4186,PERSON
eastern university pa,5089,5110,ORG
huang ken,5210,5219,PERSON
charlie brown,5237,5250,PERSON
next year,5704,5713,DATE
london,6853,6859,GPE
uk,7494,7496,GPE
one,8417,8420,CARDINAL
kaggle,8496,8502,PRODUCT
one,8524,8527,CARDINAL
first,8695,8700,ORDINAL
six month ago,8794,8807,DATE
year ago,9167,9175,DATE
zero,9235,9239,CARDINAL
chicago,9536,9543,GPE
kaggle,9602,9608,PERSON
one,11934,11937,CARDINAL
one,11963,11966,CARDINAL
second,12141,12147,ORDINAL
week like month christmas,12174,12199,DATE
nba,12917,12920,ORG
wl min,13029,13035,PERSON
james player,13199,13211,PERSON
usa canada germany,13975,13993,ORG
microsoft,14129,14138,ORG
deloitte,14139,14147,ORG
gpa,14207,14210,ORG
gre,14217,14220,ORG
suny buffalo,14258,14270,PERSON
first,16175,16180,ORDINAL
tableau,16655,16662,GPE
two,16758,16761,CARDINAL
one,16991,16994,CARDINAL
week,17404,17408,DATE
daniel bourke,17948,17961,PERSON
first,17969,17974,ORDINAL
year,18562,18566,DATE
around month,18598,18610,DATE
github thinam journey day,18972,18997,PERSON
maybe day year,19194,19208,DATE
everyday,19343,19351,DATE
next year,19627,19636,DATE
next day,20172,20180,DATE
one,20421,20424,CARDINAL
bruce lee,20552,20561,PERSON
david carradine,20696,20711,PERSON
lesson day,20861,20871,DATE
every single day,20963,20979,DATE
first,21345,21350,ORDINAL
one,21351,21354,CARDINAL
one,21511,21514,CARDINAL
first,21639,21644,ORDINAL
first,21734,21739,ORDINAL
kaggle,21745,21751,PRODUCT
ken lee,21835,21842,PERSON
two,22456,22459,CARDINAL
one,22515,22518,CARDINAL
two,22519,22522,CARDINAL
first,23820,23825,ORDINAL
europe,24205,24211,LOC
year,24323,24327,DATE
first,24676,24681,ORDINAL
first,24796,24801,ORDINAL
one,25574,25577,CARDINAL
one,25821,25824,CARDINAL
san jose,26153,26161,GPE
one,26939,26942,CARDINAL
kaggle,27404,27410,ORG
one,27610,27613,CARDINAL
arabic,28456,28462,NORP
ibm,28700,28703,ORG
year,28830,28834,DATE
anaconda lib,29068,29080,PERSON
panda,29204,29209,ORG
first,30145,30150,ORDINAL
second,30173,30179,ORDINAL
second,30212,30218,ORDINAL
nba,30857,30860,ORG
first,30895,30900,ORDINAL
two,31807,31810,CARDINAL
one,32517,32520,CARDINAL
florida,33172,33179,GPE
one,33397,33400,CARDINAL
one,33406,33409,CARDINAL
month,33458,33463,DATE
next fall,34407,34416,DATE
next year,34636,34645,DATE
one,34690,34693,CARDINAL
canada,34901,34907,GPE
year old,35826,35834,DATE
gpt,35865,35868,ORG
gpu cloud laptop,35959,35975,PERSON
sr data business,36052,36068,ORG
first,36557,36562,ORDINAL
panda,36888,36893,ORG
next april,37113,37123,DATE
month,37134,37139,DATE
last september,37217,37231,DATE
one,37380,37383,CARDINAL
second,37458,37464,ORDINAL
past year,37975,37984,DATE
india,38915,38920,GPE
uk germany,38989,38999,GPE
germany,39092,39099,GPE
ken glad,39192,39200,PERSON
first,39223,39228,ORDINAL
several year,39317,39329,DATE
focus data science learning,40032,40059,ORG
one year,40060,40068,DATE
year,40142,40146,DATE
two,40706,40709,CARDINAL
uber weekend,40878,40890,DATE
one,40976,40979,CARDINAL
uk,41426,41428,GPE
second,41429,41435,ORDINAL
chicago,41463,41470,GPE
chicago,41475,41482,GPE
gre,41587,41590,ORG
one day,41715,41722,DATE
haha robert frost,42058,42075,PERSON
boston,42371,42377,GPE
one,42584,42587,CARDINAL
one,42769,42772,CARDINAL
today,43413,43418,DATE
bcs,43715,43718,ORG
another year,43757,43769,DATE
kenneth jee hell,43905,43921,PERSON
one,44318,44321,CARDINAL
year old,44539,44547,DATE
one year,44554,44562,DATE
yay,44614,44617,PERSON
first,44899,44904,ORDINAL
technician hill,45013,45028,PERSON
year,46353,46357,DATE
hourly,46736,46742,TIME
annual,46743,46749,DATE
one year,46809,46817,DATE
day couple month,47186,47202,DATE
day,47332,47335,DATE
indian,47611,47617,NORP
github repo,47663,47674,PERSON
indian,47697,47703,NORP
zero,47840,47844,CARDINAL
one,48236,48239,CARDINAL
tomorrow,49000,49008,DATE
ken working github,49670,49688,PERSON
first,50734,50739,ORDINAL
one,51335,51338,CARDINAL
second,51354,51360,ORDINAL
git intro,51677,51686,PERSON
month ago,51694,51703,DATE
pun intro,52734,52743,PERSON
first,52843,52848,ORDINAL
tableau mysql,53155,53168,PERSON
today,53486,53491,DATE
week,54539,54543,DATE
english,55164,55171,LANGUAGE
monica anaconda envs,55363,55383,PERSON
lib,55387,55390,ORG
monica anaconda envs,55459,55479,PERSON
lib,55483,55486,ORG
sys exc info,55576,55588,PERSON
monica anaconda envs,55599,55619,PERSON
lib,55623,55626,ORG
monica anaconda envs,56081,56101,PERSON
lib,56105,56108,ORG
monica anaconda envs,56200,56220,PERSON
lib,56224,56227,ORG
monica anaconda envs,56331,56351,PERSON
lib,56355,56358,ORG
monica anaconda envs,56446,56466,PERSON
lib,56470,56473,ORG
monica anaconda envs,56554,56574,PERSON
lib,56578,56581,ORG
first,56884,56889,ORDINAL
year,56962,56966,DATE
thomas edison,57115,57128,PERSON
one,57496,57499,CARDINAL
one,58631,58634,CARDINAL
next year,58925,58934,DATE
ai year,58966,58973,DATE
microsoft,59214,59223,ORG
one,61429,61432,CARDINAL
charles bukowski,61449,61465,PERSON
nba,62236,62239,ORG
nba,62255,62258,ORG
u learning data,62532,62547,ORG
first,63323,63328,ORDINAL
one,63375,63378,CARDINAL
one,63555,63558,CARDINAL
first,63978,63983,ORDINAL
one,64391,64394,CARDINAL
uk,64484,64486,GPE
india,64518,64523,GPE
two,64689,64692,CARDINAL
yesterday,64781,64790,DATE
today,64791,64796,DATE
month,65206,65211,DATE
past month,65847,65857,DATE
one,65880,65883,CARDINAL
two,65884,65887,CARDINAL
next month year,65976,65991,DATE
richard jeff,66406,66418,PERSON
first,67986,67991,ORDINAL
last decade,68606,68617,DATE
first,69281,69286,ORDINAL
one year,69972,69980,DATE
germany,69987,69994,GPE
mexico,70000,70006,GPE
german,70017,70023,NORP
two year,70150,70158,DATE
undegrad something,70624,70642,PERSON
weekly,71286,71292,DATE
maimai,71301,71307,ORG
china,71342,71347,GPE
month,71355,71360,DATE
today,71375,71380,DATE
several year,71970,71982,DATE
jack black,72028,72038,PERSON
john david podcast john,72337,72360,PERSON
year,72448,72452,DATE
john david,72892,72902,PERSON
date end date,73973,73986,DATE
english,74006,74013,NORP
austin,74921,74927,PERSON
year,75239,75243,DATE
past month,75665,75675,DATE
one day,75794,75801,DATE
first,76275,76280,ORDINAL
first,76741,76746,ORDINAL
week,78001,78005,DATE
branche github,78585,78599,PERSON
one,79108,79111,CARDINAL
year old,79322,79330,DATE
kiril iremnko jose portilla jon kron,80170,80206,PERSON
second,80341,80347,ORDINAL
third,80348,80353,ORDINAL
first,81058,81063,ORDINAL
two day later,81150,81163,DATE
every minute,81233,81245,TIME
next day,81318,81326,DATE
richmond,81394,81402,GPE
india,83308,83313,GPE
john moore,83324,83334,PERSON
uk,83346,83348,GPE
india,83903,83908,GPE
john moore,83919,83929,PERSON
uk,83941,83943,GPE
couple year,84212,84223,DATE
today,84768,84773,DATE
ken jee,84845,84852,PERSON
year ago,85256,85264,DATE
jargon,85430,85436,ORG
one year,86041,86049,DATE
heston,87103,87109,PERSON
next year,87705,87714,DATE
one,88257,88260,CARDINAL
one,88300,88303,CARDINAL
colorado,88666,88674,GPE
next year,88964,88973,DATE
several ten thousand dollar,88997,89024,MONEY
two,89261,89264,CARDINAL
khan academy udemy freecodecamp mit,89809,89844,ORG
stanford,89860,89868,ORG
microsoft,89924,89933,ORG
interviewup,90306,90317,GPE
second,90405,90411,ORDINAL
hahaha haha,91289,91300,PERSON
nah jk,91418,91424,PERSON
turkey,91547,91553,GPE
first,92372,92377,ORDINAL
year,92498,92502,DATE
five year,93065,93074,DATE
day,93081,93084,DATE
michael guy,93442,93453,PERSON
one,94174,94177,CARDINAL
one day,94240,94247,DATE
first,94298,94303,ORDINAL
hahaha,94511,94517,PERSON
raspberry lofi,94689,94703,PERSON
gpt,95228,95231,ORG
one,95563,95566,CARDINAL
pa,95655,95657,GPE
russia,95836,95842,GPE
one,95916,95919,CARDINAL
hourly,95947,95953,TIME
annual,95954,95960,DATE
hourly,95996,96002,TIME
annual,96003,96009,DATE
next year,96668,96677,DATE
three year,97476,97486,DATE
three year,97589,97599,DATE
dollar cent,97604,97615,MONEY
cadillac,97628,97636,ORG
five,97973,97977,CARDINAL
four,98506,98510,CARDINAL
one ton,98772,98779,QUANTITY
philippine,99817,99827,NORP
one,99856,99859,CARDINAL
early november,99867,99881,DATE
iran,100182,100186,GPE
six,100982,100985,CARDINAL
ibm,101136,101139,ORG
one,101160,101163,CARDINAL
one,102142,102145,CARDINAL
mse mae,102734,102741,ORG
roc,104060,104063,GPE
monte carlo simulation multivariable,104130,104166,ORG
first,105919,105924,ORDINAL
first,106146,106151,ORDINAL
first,106700,106705,ORDINAL
singapore,106772,106781,GPE
first,106943,106948,ORDINAL
hudl past year,107095,107109,DATE
jee ken,107196,107203,PERSON
harvard,107710,107717,ORG
three,107782,107787,CARDINAL
half,107823,107827,CARDINAL
india,107885,107890,GPE
india,107989,107994,GPE
monday,108326,108332,DATE
kinda,108549,108554,GPE
ken kate,108789,108797,PERSON
one,108927,108930,CARDINAL
one,109143,109146,CARDINAL
kate,109453,109457,PERSON
kate,109610,109614,PERSON
alexx,109658,109663,ORG
one,109734,109737,CARDINAL
kate,109869,109873,PERSON
monday,109948,109954,DATE
kate,110029,110033,PERSON
second,110042,110048,ORDINAL
first,110057,110062,ORDINAL
two,111013,111016,CARDINAL
three,111888,111893,CARDINAL
goona,112180,112185,ORG
first,112232,112237,ORDINAL
gpu,112459,112462,ORG
one,113264,113267,CARDINAL
bc,113427,113429,ORG
next week,113533,113542,DATE
next week,113556,113565,DATE
first,113652,113657,ORDINAL
europe,113951,113957,LOC
u curiosity indian,113994,114012,ORG
three,114079,114084,CARDINAL
month,114307,114312,DATE
hewlett packard,114838,114853,ORG
today,115639,115644,DATE
mae,116030,116033,ORG
first,116461,116466,ORDINAL
abc data,116824,116832,ORG
second,116948,116954,ORDINAL
outlier,117004,117011,PERSON
coming week,117316,117327,DATE
first,118282,118287,ORDINAL
game million,118394,118406,CARDINAL
one,118432,118435,CARDINAL
one,119385,119388,CARDINAL
rcnn,120175,120179,PERSON
first,120629,120634,ORDINAL
one,120767,120770,CARDINAL
week,120783,120787,DATE
gpu,120832,120835,ORG
first,120962,120967,ORDINAL
gpu first year,121179,121193,DATE
ralph lauren,121456,121468,PERSON
first,121602,121607,ORDINAL
one,122066,122069,CARDINAL
huang,122720,122725,PERSON
saturday,123159,123167,DATE
one,123345,123348,CARDINAL
one,123613,123616,CARDINAL
today,123651,123656,DATE
two,124513,124516,CARDINAL
one,124699,124702,CARDINAL
frank kane,124717,124727,PERSON
india,125263,125268,GPE
second,125408,125414,ORDINAL
first,125415,125420,ORDINAL
china,125471,125476,GPE
fortune company european american different role research application,125502,125571,ORG
year ago,125884,125892,DATE
first,126252,126257,ORDINAL
github kaggle,126311,126324,PERSON
earlier year,126362,126374,DATE
couple month,126485,126497,DATE
month,126726,126731,DATE
first,126803,126808,ORDINAL
week ago,127148,127156,DATE
one,127280,127283,CARDINAL
github git,127397,127407,PERSON
today,127647,127652,DATE
first,127827,127832,ORDINAL
one,127852,127855,CARDINAL
one,127924,127927,CARDINAL
jeremie ken,128390,128401,PERSON
many year,128597,128606,DATE
one transformation year,128623,128646,DATE
india,128755,128760,GPE
argentina,128788,128797,GPE
jeremie ken,128977,128988,PERSON
ken jee,129789,129796,PERSON
one,129825,129828,CARDINAL
next day,130276,130284,DATE
kaggle,130302,130308,PRODUCT
first,130431,130436,ORDINAL
india,130481,130486,GPE
jay talking,130519,130530,PERSON
several month year,130736,130754,DATE
nearly year,130977,130988,DATE
github year,131035,131046,PERSON
jeremie harris,131231,131245,PERSON
india,131276,131281,GPE
india,131535,131540,GPE
india,131602,131607,GPE
india,131728,131733,GPE
first,131773,131778,ORDINAL
first,131784,131789,ORDINAL
first,131795,131800,ORDINAL
one,133128,133131,CARDINAL
folder github,133579,133592,PERSON
past year,133735,133744,DATE
one,134183,134186,CARDINAL
couple year,134315,134326,DATE
pranay,134812,134818,PERSON
two,135546,135549,CARDINAL
first,135808,135813,ORDINAL
second,135814,135820,ORDINAL
one,136098,136101,CARDINAL
several month,136232,136245,DATE
csv,136741,136744,ORG
panda pd,136951,136959,ORG
csv df,137011,137017,FAC
cardiomegaly,137039,137051,PRODUCT
ind df,137120,137126,FAC
cardiomegaly new,137133,137149,PERSON
india,137562,137567,GPE
one,137983,137986,CARDINAL
datarobot,138281,138290,GPE
brah video minimized,138378,138398,PERSON
second,138778,138784,ORDINAL
ba,139082,139084,ORG
u ken jee amazing job like,139146,139172,ORG
u data,139188,139194,ORG
brazilian,139261,139270,NORP
brazilian,139308,139317,NORP
kaggle coursera,139580,139595,PRODUCT
mac,139709,139712,ORG
thousand,140074,140082,CARDINAL
goofy,140236,140241,ORG
korean,140274,140280,NORP
first,140439,140444,ORDINAL
kenjee congrats,140550,140565,PERSON
europe,141265,141271,LOC
one,141366,141369,CARDINAL
dis,141830,141833,ORG
year,141882,141886,DATE
year exp,141985,141993,DATE
python month,142332,142344,DATE
syllabus,142371,142379,ORG
ken phd graduate information communication,142481,142523,ORG
india,142536,142541,GPE
hugo,142848,142852,EVENT
one,143282,143285,CARDINAL
india,143299,143304,GPE
two,143519,143522,CARDINAL
bhai,143559,143563,GPE
day ago,143707,143714,DATE
one,144058,144061,CARDINAL
first,144489,144494,ORDINAL
st view,144979,144986,FAC
first year,145056,145066,DATE
day day,145417,145424,DATE
one,145502,145505,CARDINAL
one day,145698,145705,DATE
october,147286,147293,DATE
ahilan submitting project review,147569,147601,ORG
yesterday,147789,147798,DATE
one,148191,148194,CARDINAL
two,148490,148493,CARDINAL
one,148501,148504,CARDINAL
first,149437,149442,ORDINAL
ton,149600,149603,CARDINAL
many week,150265,150274,DATE
one,150323,150326,CARDINAL
couple hour,150334,150345,TIME
jupiter,151207,151214,LOC
last year,151372,151381,DATE
year,151389,151393,DATE
hour hour,151589,151598,TIME
nba nhl atp,151619,151630,ORG
mlb,151638,151641,ORG
seattle,151716,151723,GPE
one year,151764,151772,DATE
three week,151910,151920,DATE
ag,151921,151923,ORG
first,152140,152145,ORDINAL
first,152232,152237,ORDINAL
monday,152426,152432,DATE
today weekend,152455,152468,DATE
zero,152571,152575,CARDINAL
github kaggle,152712,152725,PERSON
sci,152934,152937,ORG
daily,153191,153196,DATE
one,153486,153489,CARDINAL
couple month,153500,153512,DATE
ml dl,153559,153564,PERSON
indian,153843,153849,NORP
daily,154305,154310,DATE
month,155401,155406,DATE
one,155582,155585,CARDINAL
krish,155586,155591,NORP
kaggle started learning python,155857,155887,WORK_OF_ART
zero,155933,155937,CARDINAL
three year ago,156021,156035,DATE
one,156379,156382,CARDINAL
day ago,156990,156997,DATE
next day,157020,157028,DATE
early morning,157058,157071,TIME
two,157302,157305,CARDINAL
three,158182,158187,CARDINAL
three,158194,158199,CARDINAL
last month,158257,158267,DATE
last night,158315,158325,TIME
first,158326,158331,ORDINAL
github linkedin,158546,158561,PERSON
one,158874,158877,CARDINAL
jim rohn,159339,159347,PERSON
year,159897,159901,DATE
january,160763,160770,DATE
today,160852,160857,DATE
kick butt,160911,160920,PERSON
one,160999,161002,CARDINAL
year exp,161129,161137,DATE
first,161290,161295,ORDINAL
one,161478,161481,CARDINAL
next year,161608,161617,DATE
panda,162406,162411,ORG
csv,162566,162569,ORG
panda pd,162577,162585,ORG
ken alex great,162815,162829,PERSON
week month,163247,163257,DATE
one,163415,163418,CARDINAL
awesome yoooo,163626,163639,ORG
one,163688,163691,CARDINAL
month,164366,164371,DATE
amazon,164706,164712,ORG
year,164973,164977,DATE
arena year ago,165781,165795,DATE
indian,167031,167037,NORP
zero,167065,167069,CARDINAL
next year,167456,167465,DATE
two,167466,167469,CARDINAL
around year,167479,167490,DATE
zero,167738,167742,CARDINAL
first year,167763,167773,DATE
next year,168143,168152,DATE
yeah kaggle great,168355,168372,PERSON
airbus,169566,169572,ORG
september,169622,169631,DATE
today,169933,169938,DATE
english,169987,169994,LANGUAGE
titan,170146,170151,GPE
half,170167,170171,CARDINAL
wilson,170633,170639,ORG
yesterday,170807,170816,DATE
today,171119,171124,DATE
india,171137,171142,GPE
iceberg become data,171606,171625,ORG
day,172064,172067,DATE
first,173192,173197,ORDINAL
first,173848,173853,ORDINAL
ibm,174929,174932,ORG
one,176212,176215,CARDINAL
day day week,176243,176255,DATE
three year,176256,176266,DATE
sept,176535,176539,CARDINAL
four day ago,176662,176674,DATE
china,178050,178055,GPE
first,178066,178071,ORDINAL
second,178072,178078,ORDINAL
australia,178327,178336,GPE
ill join ya ken,178940,178955,PERSON
ken dayofdara app,179547,179564,PERSON
two,179570,179573,CARDINAL
one,179606,179609,CARDINAL
india,179833,179838,GPE
one,179893,179896,CARDINAL
first,180280,180285,ORDINAL
evilc github io,181313,181328,PERSON
yesterday,181337,181346,DATE
sa spss,182232,182239,PERSON
fannie mae,182341,182351,ORG
quit mo easy change job,182421,182444,ORG
nasa,182495,182499,ORG
irs,182573,182576,ORG
yay,182685,182688,PERSON
second,182948,182954,ORDINAL
first,182979,182984,ORDINAL
one,182985,182988,CARDINAL
one,183007,183010,CARDINAL
ken darwin github,183524,183541,PERSON
one,184339,184342,CARDINAL
ken month,184457,184466,DATE
jump kaggle,184585,184596,PERSON
ba psych,184620,184628,ORG
couple day ago,184806,184820,DATE
one,185173,185176,CARDINAL
darwin,185684,185690,PERSON
first,185747,185752,ORDINAL
past month,186264,186274,DATE
past year,186389,186398,DATE
past month,186459,186469,DATE
two,186493,186496,CARDINAL
one,187474,187477,CARDINAL
darwin,187563,187569,PERSON
three,187732,187737,CARDINAL
india,187798,187803,GPE
ibm,187897,187900,ORG
michigan,187978,187986,GPE
darwin,188431,188437,PERSON
hugo,189035,189039,EVENT
keyboard ya video,189112,189129,PERSON
sci kit info,189245,189257,ORG
week,189669,189673,DATE
every day,189831,189840,DATE
one,190019,190022,CARDINAL
monthly,190211,190218,DATE
kaggle,190607,190613,PRODUCT
tomorrow,190681,190689,DATE
zero,191124,191128,CARDINAL
september,191368,191377,DATE
india,191443,191448,GPE
latest season,191685,191698,DATE
daily,192263,192268,DATE
yesterday,192578,192587,DATE
couple day ago,192639,192653,DATE
month ago,193015,193024,DATE
second,193045,193051,ORDINAL
kaggle,193700,193706,ORG
panda data,193727,193737,ORG
next year,194398,194407,DATE
month,194649,194654,DATE
around month ago,195151,195167,DATE
zero,195308,195312,CARDINAL
jee hoo hoo ken jee hoo hoo ken jee hoo,195533,195572,PERSON
daily,196304,196309,DATE
daniel bourke,196387,196400,PERSON
one,197195,197198,CARDINAL
one,197761,197764,CARDINAL
three,197774,197779,CARDINAL
month,197823,197828,DATE
ml kera tensorflow,198246,198264,PERSON
daily,198552,198557,DATE
first,198644,198649,ORDINAL
one,198725,198728,CARDINAL
metadata,199094,199102,ORG
past couple month,199580,199597,DATE
kaggle,199888,199894,PERSON
one day,200536,200543,DATE
morning,200863,200870,TIME
navigate kaggle maelstrom,201016,201041,PERSON
john hopkin,201697,201708,PERSON
today,202047,202052,DATE
september,202548,202557,DATE
monthly one year,202663,202679,DATE
one,203812,203815,CARDINAL
second,204239,204245,ORDINAL
kaggle,204442,204448,ORG
hugo,204900,204904,EVENT
two,205741,205744,CARDINAL
chicago,205864,205871,GPE
month ago,206115,206124,DATE
wang,206438,206442,ORG
english,206843,206850,LANGUAGE
one,206931,206934,CARDINAL
month,206996,207001,DATE
day,207061,207064,DATE
south africa,207924,207936,GPE
first,207937,207942,ORDINAL
html parser,209179,209190,ORG
one,209969,209972,CARDINAL
zero,210228,210232,CARDINAL
australia,210301,210310,GPE
one,210564,210567,CARDINAL
barely month,211791,211803,DATE
rwanda,211884,211890,GPE
east africa,211891,211902,GPE
zero,212096,212100,CARDINAL
summer,212467,212473,DATE
working research project university,212474,212509,ORG
danny channel,213120,213133,PERSON
one year,213732,213740,DATE
kaggle,214335,214341,PRODUCT
one,214433,214436,CARDINAL
frank kane,214506,214516,PERSON
first,214732,214737,ORDINAL
right year,215326,215336,DATE
first,216798,216803,ORDINAL
silicon valley,217066,217080,LOC
midwest,217081,217088,LOC
daily,218075,218080,DATE
kaggle,218225,218231,PRODUCT
kaggle,218245,218251,PRODUCT
untitled py console,218461,218480,PERSON
one year,219443,219451,DATE
one,219739,219742,CARDINAL
roam around kaggle,219962,219980,PERSON
gb ddr gb,220525,220534,PERSON
first,221444,221449,ORDINAL
ken sooo humble,221895,221910,ORG
day,221938,221941,DATE
first,222226,222231,ORDINAL
september,222359,222368,DATE
ibm,222705,222708,ORG
month ago,222765,222774,DATE
one,223312,223315,CARDINAL
day day,224405,224412,DATE
one,224587,224590,CARDINAL
one year,224668,224676,DATE
monthly,224699,224706,DATE
tbh year,225044,225052,DATE
last year,225315,225324,DATE
grad school week,225342,225358,ORG
week ago,225447,225455,DATE
past year,225594,225603,DATE
one,225825,225828,CARDINAL
zero,225909,225913,CARDINAL
first,226239,226244,ORDINAL
linkedin,227380,227388,GPE
english,228152,228159,LANGUAGE
late night,228447,228457,TIME
one,228663,228666,CARDINAL
one,228676,228679,CARDINAL
daily,228813,228818,DATE
one,229309,229312,CARDINAL
one,229401,229404,CARDINAL
one,229438,229441,CARDINAL
one,229828,229831,CARDINAL
monthly,230114,230121,DATE
one,230286,230289,CARDINAL
month,230407,230412,DATE
mac,230434,230437,ORG
first,230902,230907,ORDINAL
first,230952,230957,ORDINAL
first,232391,232396,ORDINAL
first,232491,232496,ORDINAL
one,233179,233182,CARDINAL
one,233973,233976,CARDINAL
two,233977,233980,CARDINAL
one,234063,234066,CARDINAL
two,234067,234070,CARDINAL
two,234079,234082,CARDINAL
gj updating github,234265,234283,PERSON
last second,234908,234919,DATE
one minute,234926,234936,TIME
second,234952,234958,ORDINAL
morocco,235554,235561,GPE
admission canada,235824,235840,ORG
one year,236013,236021,DATE
canada,236063,236069,GPE
two,237060,237063,CARDINAL
turkey,237429,237435,GPE
one,237577,237580,CARDINAL
australia,238338,238347,GPE
yt algorithm ken jee,239144,239164,ORG
one,239629,239632,CARDINAL
one,240541,240544,CARDINAL
csv,240959,240962,ORG
nick wan,242524,242532,PERSON
first,242540,242545,ORDINAL
nick wan,242552,242560,PERSON
today,242626,242631,DATE
first,243178,243183,ORDINAL
first,243415,243420,ORDINAL
astype,244085,244091,ORG
yhatbasevc basesubmisson,244154,244178,PERSON
basesubmisson tocsv,244213,244232,PERSON
basesubmisson csv,244233,244250,PERSON
nick wan,244453,244461,PERSON
nick,244535,244539,PERSON
nick twitter,244547,244559,PERSON
nico gramenz,245123,245135,PERSON
one,245325,245328,CARDINAL
engineering year,246074,246090,DATE
seriously ba,247905,247917,PERSON
month ago,248383,248392,DATE
year later,248730,248740,DATE
first,248795,248800,ORDINAL
next year,248926,248935,DATE
india,249349,249354,GPE
one day,249752,249759,DATE
two year,250089,250097,DATE
kinda,250141,250146,PERSON
end year,250177,250185,DATE
gpu,250268,250271,ORG
one,250284,250287,CARDINAL
two,250707,250710,CARDINAL
first,251209,251214,ORDINAL
kaggle,251690,251696,PRODUCT
one,251923,251926,CARDINAL
today,252486,252491,DATE
one,252845,252848,CARDINAL
one,253014,253017,CARDINAL
jee humble,253638,253648,PERSON
almost one two week,253761,253780,DATE
one,253977,253980,CARDINAL
first,254236,254241,ORDINAL
clerk patent office,254446,254465,ORG
maxwell newton,254492,254506,FAC
maxwell expertise derivation,254571,254599,ORG
ibm,254863,254866,ORG
week ago,254911,254919,DATE
hahaha,255675,255681,NORP
uk,255960,255962,GPE
hour,256147,256151,TIME
iran,257254,257258,GPE
canada,257313,257319,GPE
usa,257994,257997,ORG
first,258717,258722,ORDINAL
one,260681,260684,CARDINAL
first,260873,260878,ORDINAL
one,260879,260882,CARDINAL
second,260976,260982,ORDINAL
csv,261174,261177,ORG
first,261229,261234,ORDINAL
one,261356,261359,CARDINAL
one,262027,262030,CARDINAL
gpt,262654,262657,ORG
one,262959,262962,CARDINAL
jetson nano,263606,263617,PERSON
po,263629,263631,GPE
month ago,264047,264056,DATE
lian li,264065,264072,PERSON
tower,264077,264082,PERSON
one,264284,264287,CARDINAL
nzxt,264293,264297,ORG
kaggle,264355,264361,ORG
one,264375,264378,CARDINAL
two,264470,264473,CARDINAL
first,264474,264479,ORDINAL
frank kane,264487,264497,PERSON
yoou,264654,264658,PERSON
one,264749,264752,CARDINAL
year,265419,265423,DATE
indian,265601,265607,NORP
kaggle,265719,265725,ORG
today,265858,265863,DATE
one,265974,265977,CARDINAL
one,266709,266712,CARDINAL
last couple year,266936,266952,DATE
titan,267311,267316,GPE
one,267346,267349,CARDINAL
one year,267792,267800,DATE
morocco,267847,267854,ORG
morocco,267966,267973,GPE
next spring,268142,268153,DATE
india,268501,268506,GPE
around hour,268869,268880,TIME
scandinavian,269705,269717,NORP
one,270436,270439,CARDINAL
one,270937,270940,CARDINAL
one,270954,270957,CARDINAL
almost year,271107,271118,DATE
first,271444,271449,ORDINAL
second,271710,271716,ORDINAL
last one year,271929,271942,DATE
nebraska,271975,271983,PERSON
usa american,272043,272055,ORG
american,272235,272243,NORP
nba,272257,272260,ORG
nba,272285,272288,ORG
lee,272386,272389,PERSON
canada,274138,274144,GPE
india,274167,274172,GPE
april,274491,274496,DATE
one,275431,275434,CARDINAL
henry blackburne,275560,275576,PERSON
last week,276058,276067,DATE
annual,276983,276989,DATE
two,278154,278157,CARDINAL
italian,278333,278340,NORP
month,278545,278550,DATE
weekend,279410,279417,DATE
one,279543,279546,CARDINAL
thankyou ken,279567,279579,PERSON
today,279822,279827,DATE
today,279842,279847,DATE
first,280090,280095,ORDINAL
many year,280215,280224,DATE
white board,280526,280537,ORG
one,280695,280698,CARDINAL
one,280889,280892,CARDINAL
first,281093,281098,ORDINAL
zero,281927,281931,CARDINAL
zero,282299,282303,CARDINAL
first,283397,283402,ORDINAL
one,283516,283519,CARDINAL
titan,283549,283554,GPE
three,283818,283823,CARDINAL
three,283872,283877,CARDINAL
one,284445,284448,CARDINAL
first,284518,284523,ORDINAL
month ago,284558,284567,DATE
year,284660,284664,DATE
year past year,284692,284706,DATE
uk,284751,284753,GPE
brazil,285072,285078,GPE
next week,285590,285599,DATE
second,285984,285990,ORDINAL
age year,286049,286057,DATE
first,286102,286107,ORDINAL
first year,286820,286830,DATE
second year,286896,286907,DATE
danny week,287499,287509,PERSON
youtube linkedin,287516,287532,PERSON
anaconda lib site package,287638,287663,ORG
anaconda lib site,287746,287763,ORG
anaconda lib site package,288396,288421,ORG
anaconda lib site package,288513,288538,ORG
annual,288754,288760,DATE
sysadmin,289027,289035,GPE
first,289088,289093,ORDINAL
cisco,289190,289195,GPE
month,289367,289372,DATE
xyz,290265,290268,ORG
two week,290443,290451,DATE
first,290550,290555,ORDINAL
microsoft,290609,290618,ORG
almost month,290851,290863,DATE
danny,291474,291479,PERSON
github linkedin,291608,291623,PERSON
gpt,292060,292063,ORG
uk,292113,292115,GPE
one,292348,292351,CARDINAL
one,292376,292379,CARDINAL
one,292408,292411,CARDINAL
india,293098,293103,GPE
three,293110,293115,CARDINAL
first,293592,293597,ORDINAL
secondly,293609,293617,ORDINAL
tableau,293930,293937,PERSON
one,294355,294358,CARDINAL
titan,294781,294786,GPE
one day,294860,294867,DATE
daily,295038,295043,DATE
chicago,295238,295245,GPE
kegel,295831,295836,PERSON
numpy matploylib,295887,295903,PERSON
two week,295960,295968,DATE
first,296069,296074,ORDINAL
one,296295,296298,CARDINAL
four year ago,296345,296358,DATE
sci,296665,296668,ORG
one,296705,296708,CARDINAL
many month,296968,296978,DATE
one,297653,297656,CARDINAL
titan,297990,297995,GPE
tanzen,298019,298025,PRODUCT
anton,298032,298037,PERSON
uk,299427,299429,GPE
europe,299437,299443,LOC
henry,299459,299464,GPE
half,299653,299657,CARDINAL
roberto,299757,299764,PERSON
uchiha madara awesome,299770,299791,PERSON
youtuber year,299940,299953,DATE
second,300328,300334,ORDINAL
moana bc,300764,300772,PERSON
hawaii,300773,300779,GPE
titan,301261,301266,GPE
kaggle,301283,301289,PRODUCT
one,301338,301341,CARDINAL
gpu,301385,301388,PERSON
rt rex,301742,301748,PERSON
titan,302081,302086,GPE
gpu,302087,302090,PERSON
one,302097,302100,CARDINAL
titan,302164,302169,GPE
ti titan zen ryzen,302296,302314,ORG
mike tyson,302353,302363,PERSON
quantum computer,302620,302636,ORG
zenitsu,302817,302824,ORG
katy,302868,302872,NORP
katy perry nice,302886,302901,PERSON
first,303012,303017,ORDINAL
one,303074,303077,CARDINAL
first,303146,303151,ORDINAL
secondly,303289,303297,ORDINAL
titan,303635,303640,GPE
percy jackson,303650,303663,PERSON
rick riordan kronos,303669,303688,PERSON
gpu,303746,303749,ORG
titan,303754,303759,GPE
titan,303787,303792,GPE
kronos,303951,303957,PERSON
titan,303977,303982,GPE
titan,303992,303997,GPE
fugaku,304316,304322,DATE
one,304504,304507,CARDINAL
titan,304549,304554,GPE
one,304593,304596,CARDINAL
titan,304741,304746,GPE
po,304813,304815,GPE
panda black,304829,304840,ORG
panda panda,304875,304886,PERSON
mark harpe,304912,304922,PERSON
one,304937,304940,CARDINAL
harpe,304963,304968,PERSON
benetton,305026,305034,ORG
one,305092,305095,CARDINAL
jetson nano,305245,305256,PERSON
titan,305264,305269,GPE
first,305436,305441,ORDINAL
one,305442,305445,CARDINAL
indian,306047,306053,NORP
morocco,306309,306316,GPE
one,307364,307367,CARDINAL
ken jee krish,307791,307804,PERSON
jay feng jaemin,307823,307838,PERSON
lee,307839,307842,PERSON
zero,308112,308116,CARDINAL
brazilian,309067,309076,NORP
david perell,309455,309467,PERSON
month,309635,309640,DATE
eric linkedin,310051,310064,PERSON
one,310571,310574,CARDINAL
first,310578,310583,ORDINAL
ken year,310653,310661,DATE
india,311256,311261,GPE
first,311498,311503,ORDINAL
last week,311962,311971,DATE
chicago,312217,312224,GPE
week,312256,312260,DATE
video least hour,312388,312404,TIME
day past week,312405,312418,DATE
krish,312776,312781,NORP
seven year,313628,313638,DATE
two day,313753,313760,DATE
end day,314057,314064,DATE
one,314487,314490,CARDINAL
two,314952,314955,CARDINAL
bruno mar,315314,315323,PERSON
first,315329,315334,ORDINAL
first,315478,315483,ORDINAL
first,315605,315610,ORDINAL
first,316487,316492,ORDINAL
tomorrow,316581,316589,DATE
today,316642,316647,DATE
python week ago,316677,316692,DATE
first,316702,316707,ORDINAL
today,316748,316753,DATE
u hour,317135,317141,TIME
first,317221,317226,ORDINAL
couple minute,317232,317245,TIME
jupiter,317526,317533,LOC
one,317543,317546,CARDINAL
second,317615,317621,ORDINAL
month,317923,317928,DATE
jump dl,317976,317983,PERSON
today,319171,319176,DATE
week,319735,319739,DATE
today,321963,321968,DATE
kaggle,322028,322034,PERSON
today,322113,322118,DATE
year old,322356,322364,DATE
kaggle,323184,323190,PRODUCT
next week,323294,323303,DATE
india,324444,324449,GPE
one,324533,324536,CARDINAL
early day,324693,324702,DATE
ken first,325141,325150,PERSON
tomorrow,325165,325173,DATE
kaggle,325257,325263,ORG
brazilian,325329,325338,NORP
jiu jitsu match,325339,325354,PERSON
syllabus,325580,325588,ORG
first,325702,325707,ORDINAL
india,325930,325935,GPE
india,326131,326136,GPE
usa europe,326190,326200,LOC
week,326221,326225,DATE
one,327326,327329,CARDINAL
week week,327817,327826,DATE
next year,327977,327986,DATE
texas,328027,328032,GPE
kaggle,328063,328069,PRODUCT
european,328291,328299,NORP
american,328307,328315,NORP
halo ken student commerce finance,328615,328648,ORG
dang nerd bjj day,328837,328854,ORG
hour,329078,329082,TIME
end day,329083,329090,DATE
one,329223,329226,CARDINAL
two,329775,329778,CARDINAL
ibm,329841,329844,ORG
one,329963,329966,CARDINAL
u newbie know,330875,330888,ORG
daniel journey,331194,331208,PERSON
kaggle,331274,331280,PRODUCT
july,331466,331470,DATE
one,331803,331806,CARDINAL
one,331815,331818,CARDINAL
one,331850,331853,CARDINAL
india,331984,331989,GPE
two,332165,332168,CARDINAL
daniel interview channel,332258,332282,PERSON
one,332300,332303,CARDINAL
one day,332883,332890,DATE
one,332982,332985,CARDINAL
first,334033,334038,ORDINAL
submit github,334090,334103,PERSON
helo,334146,334150,PERSON
dheeraj kumar,334155,334168,PERSON
github link portfolio,334176,334197,ORG
last month,334198,334208,DATE
bdiya,334243,334248,ORG
bhai,334254,334258,GPE
first,334381,334386,ORDINAL
daily,334622,334627,DATE
brazil,334694,334700,GPE
one,335024,335027,CARDINAL
coming month,335100,335112,DATE
kaggle,335151,335157,PRODUCT
four,336056,336060,CARDINAL
one,336567,336570,CARDINAL
second,336813,336819,ORDINAL
three,337827,337832,CARDINAL
three,337873,337878,CARDINAL
first,338675,338680,ORDINAL
second,338738,338744,ORDINAL
krish,339622,339627,NORP
hewlett packard,340577,340592,ORG
spectre gb ram,340593,340607,PERSON
intel,340615,340620,ORG
gb ram gb sata iii,340640,340658,PERSON
intel,340663,340668,ORG
next year,340873,340882,DATE
two,341152,341155,CARDINAL
li,341318,341320,PERSON
li,341379,341381,PERSON
usb,341447,341450,ORG
past year,341706,341715,DATE
year end,343099,343107,DATE
several hour,343384,343396,TIME
computing day,343397,343410,DATE
le hour,343424,343431,TIME
titan,343476,343481,GPE
several hour,343736,343748,TIME
motherboard psu,343927,343942,PERSON
samsung nvme,344171,344183,FAC
one,344214,344217,CARDINAL
every day,344982,344991,DATE
one,345316,345319,CARDINAL
msi mag,345437,345444,PERSON
pa,345525,345527,GPE
motherboard psu,345561,345576,PERSON
last one month,345811,345825,DATE
year,346007,346011,DATE
one,346048,346051,CARDINAL
ken gpu,346134,346141,PERSON
mac,346277,346280,ORG
gpu,346369,346372,ORG
xps,346482,346485,ORG
kaggle,347885,347891,PRODUCT
one,348143,348146,CARDINAL
first,348147,348152,ORDINAL
two year,349007,349015,DATE
first,349022,349027,ORDINAL
mac,349089,349092,ORG
mac,349219,349222,ORG
italy,351044,351049,GPE
india,351132,351137,GPE
first,351337,351342,ORDINAL
hundred thousand,351769,351785,CARDINAL
ibm,352306,352309,ORG
decade ago,352448,352458,DATE
austin,352641,352647,PERSON
next month,352702,352712,DATE
first,353488,353493,ORDINAL
first,353578,353583,ORDINAL
first,353647,353652,ORDINAL
illinois institute tech iit,353760,353787,ORG
half,354472,354476,CARDINAL
india,355211,355216,GPE
u eu australia zealand,355229,355251,ORG
canada,355252,355258,GPE
next monday,355312,355323,DATE
first second year,355711,355728,DATE
three,355978,355983,CARDINAL
zero,356845,356849,CARDINAL
december,357796,357804,DATE
december august,357813,357828,DATE
august december,357866,357881,DATE
month,357919,357924,DATE
one,358181,358184,CARDINAL
kaggle,358277,358283,ORG
one,358317,358320,CARDINAL
mexico,358429,358435,GPE
harvard data science apart,358553,358579,ORG
one,358716,358719,CARDINAL
relocate bay area,359119,359136,LOC
synth,360612,360617,DATE
dun dun dun dun dun dun dun dun dun dun,360646,360685,PERSON
nba,361150,361153,ORG
nba,361193,361196,ORG
one,361671,361674,CARDINAL
first,362106,362111,ORDINAL
suny buffalo,362541,362553,PERSON
last hour,362797,362806,TIME
bell notification,362958,362975,ORG
year,363795,363799,DATE
one,364170,364173,CARDINAL
skill yn df job description,364479,364506,PERSON
month,365547,365552,DATE
carrer data,365590,365601,ORG
singapore,365722,365731,GPE
july,366122,366126,DATE
briggs,367120,367126,PERSON
first,368192,368197,ORDINAL
almost year ago,368301,368316,DATE
second year,368635,368646,DATE
summer,368788,368794,DATE
mu juypter,369153,369163,PERSON
one,369324,369327,CARDINAL
morocco,369840,369847,GPE
american,369939,369947,NORP
one,371901,371904,CARDINAL
kaggle,372089,372095,PRODUCT
first,372661,372666,ORDINAL
jay,372848,372851,PERSON
couple month ago,373082,373098,DATE
one,373615,373618,CARDINAL
one,373664,373667,CARDINAL
today,374219,374224,DATE
india,374251,374256,GPE
iit,374257,374260,GPE
india,374261,374266,GPE
one,374267,374270,CARDINAL
one,374498,374501,CARDINAL
kaggle,374651,374657,PRODUCT
one month one year,374693,374711,DATE
chicago,375760,375767,GPE
first,376065,376070,ORDINAL
hourly,376195,376201,TIME
annual,376207,376213,DATE
next year,376421,376430,DATE
one,376661,376664,CARDINAL
kaggle,377150,377156,PRODUCT
last month,377725,377735,DATE
one,377984,377987,CARDINAL
one,378004,378007,CARDINAL
pm,378213,378215,TIME
next fall,378762,378771,DATE
last week,379261,379270,DATE
kaggle,379287,379293,PRODUCT
kaggle,379417,379423,ORG
one,379843,379846,CARDINAL
next month,380052,380062,DATE
kaggle,380610,380616,PERSON
first,380687,380692,ORDINAL
george washington university certificate,380788,380828,ORG
george washington university certificate,380925,380965,ORG
george washington university certificate,381062,381102,ORG
couple month,381445,381457,DATE
one,381463,381466,CARDINAL
one,381556,381559,CARDINAL
today,382247,382252,DATE
first,382385,382390,ORDINAL
examplesite hugo,382894,382910,EVENT
hugo,383000,383004,EVENT
english,383588,383595,LANGUAGE
second,383596,383602,ORDINAL
kept night,383867,383877,TIME
tableau,384078,384085,GPE
turkey,385331,385337,GPE
stick business intelligence,385669,385696,ORG
kaggle,385767,385773,FAC
berkeley,385838,385846,GPE
hugo,386592,386596,EVENT
couple month ago,387265,387281,DATE
jay,387781,387784,PERSON
august,389255,389261,DATE
next year,389262,389271,DATE
one,389302,389305,CARDINAL
phd degree,389415,389425,PERSON
first,389891,389896,ORDINAL
russia,389997,390003,GPE
jay,390372,390375,PERSON
month ago,390904,390913,DATE
one,390928,390931,CARDINAL
scientist home egypt,391625,391645,ORG
america,391654,391661,GPE
lee,391883,391886,PERSON
zero,392543,392547,CARDINAL
last several month,393477,393495,DATE
year,393622,393626,DATE
one,394084,394087,CARDINAL
zero,394167,394171,CARDINAL
two,394808,394811,CARDINAL
two m degree,395074,395086,QUANTITY
one,395087,395090,CARDINAL
europe,395419,395425,LOC
northern ireland,395440,395456,GPE
jupiter,395631,395638,LOC
month,395886,395891,DATE
last year,396122,396131,DATE
month,396176,396181,DATE
neuron,396260,396266,ORG
try kaggle,396398,396408,PERSON
one,396695,396698,CARDINAL
last week,396705,396714,DATE
year ago,396921,396929,DATE
ibm,397363,397366,ORG
past month,397596,397606,DATE
end year,398713,398721,DATE
u question phd petroleum geology learning data science think,398785,398845,ORG
one,399058,399061,CARDINAL
india,399134,399139,GPE
first,399181,399186,ORDINAL
today,399431,399436,DATE
half year earlier,400020,400037,DATE
year,400192,400196,DATE
month,400373,400378,DATE
first,400388,400393,ORDINAL
first,400756,400761,ORDINAL
week,400872,400876,DATE
kaggle,401009,401015,PRODUCT
los angeles,401562,401573,GPE
u university,402010,402022,ORG
asian,402530,402535,NORP
one,402698,402701,CARDINAL
mexico,402895,402901,GPE
los angeles,404089,404100,GPE
utah,404189,404193,GPE
new jersey,404221,404231,GPE
nj elif greenwood village,404251,404276,ORG
zero,404759,404763,CARDINAL
kera,404993,404997,ORG
one,405439,405442,CARDINAL
one,406611,406614,CARDINAL
microsoft,406952,406961,ORG
nba,407031,407034,ORG
half,409048,409052,CARDINAL
first year,409783,409793,DATE
december,409863,409871,DATE
first,410349,410354,ORDINAL
last night,412092,412102,TIME
one,412568,412571,CARDINAL
new ba module,413948,413961,PERSON
ml dl,413973,413978,PERSON
five,414120,414124,CARDINAL
one,414454,414457,CARDINAL
one,414467,414470,CARDINAL
unhcr,414721,414726,ORG
mac,414816,414819,ORG
class freshman year,416230,416249,DATE
missed week,416914,416925,DATE
philippine,417008,417018,NORP
one,417707,417710,CARDINAL
three,417881,417886,CARDINAL
johh kelleher,418036,418049,PERSON
three,418212,418217,CARDINAL
first,418290,418295,ORDINAL
ibm,418432,418435,ORG
hundred,418771,418778,CARDINAL
one,418944,418947,CARDINAL
first,418990,418995,ORDINAL
one,419191,419194,CARDINAL
dozen,419484,419489,CARDINAL
anywhere month ago,420204,420222,DATE
sql nosql,420247,420256,PERSON
first week,420257,420267,DATE
past year,420503,420512,DATE
first,420584,420589,ORDINAL
kaggle,420943,420949,PRODUCT
first year,421316,421326,DATE
next month,422040,422050,DATE
yesterday,422264,422273,DATE
rubiks cube learning,422417,422437,ORG
krish,422531,422536,NORP
kaggle,422650,422656,PRODUCT
month ago,422781,422790,DATE
panda,422874,422879,PERSON
two,423278,423281,CARDINAL
ken one,423734,423741,PERSON
one,424130,424133,CARDINAL
berkeley,425810,425818,GPE
one,425851,425854,CARDINAL
two,425888,425891,CARDINAL
zero,426385,426389,CARDINAL
almost half,426750,426761,CARDINAL
tableau,426922,426929,GPE
one,427015,427018,CARDINAL
india,427070,427075,GPE
month ago,427112,427121,DATE
last year,427228,427237,DATE
first,427482,427487,ORDINAL
month,427570,427575,DATE
indonesia,428697,428706,GPE
tweet info,428841,428851,PERSON
proxy info,428858,428868,PERSON
third year,429218,429228,DATE
one,429544,429547,CARDINAL
september,429808,429817,DATE
ky baly,430346,430353,PERSON
ken jee,430804,430811,PERSON
next year,430873,430882,DATE
second,431037,431043,ORDINAL
kaggle,431137,431143,PRODUCT
singapore,431930,431939,GPE
krish,434081,434086,NORP
usa,434835,434838,PERSON
year,434944,434948,DATE
quantum ai,435072,435082,ORG
first,435516,435521,ORDINAL
first,435677,435682,ORDINAL
second,435804,435810,ORDINAL
charles petzold,436277,436292,PERSON
every year,436852,436862,DATE
half,436879,436883,CARDINAL
every month,437064,437075,DATE
zero hour,437998,438007,TIME
one,438060,438063,CARDINAL
first,438493,438498,ORDINAL
first,439046,439051,ORDINAL
hundred hour,439221,439233,TIME
year,439818,439822,DATE
second,440524,440530,ORDINAL
next two year,440999,441012,DATE
one,441095,441098,CARDINAL
maduro yatenia,442304,442318,ORG
asesinado ycuantos ycuantos,442323,442350,PERSON
los presos,442378,442388,PERSON
estavan llorando de,442393,442412,PERSON
carsel recuerdo si,442425,442443,PERSON
los que,442451,442458,GPE
delito nadie,442479,442491,PERSON
quien dijo hubieron,442549,442568,ORG
los asesinado de hambre,442583,442606,ORG
un,442734,442736,ORG
un asesinado,442781,442793,ORG
daily,443308,443313,DATE
three,443917,443922,CARDINAL
first,444188,444193,ORDINAL
kaggle,444467,444473,ORG
krish,444613,444618,NORP
first,445163,445168,ORDINAL
krish,445211,445216,NORP
ko noel miller,445315,445329,PERSON
three,445559,445564,CARDINAL
one,445594,445597,CARDINAL
ken krish,445628,445637,PERSON
three,446451,446456,CARDINAL
krish,446508,446513,NORP
summer,446770,446776,DATE
jee krish,447309,447318,PERSON
kaggle,447369,447375,ORG
krish,447487,447492,NORP
last year school,447510,447526,DATE
india,447738,447743,GPE
krish,447751,447756,NORP
krish,447807,447812,NORP
follower egypt,447835,447849,GPE
ibm,447959,447962,ORG
dnc free end,448183,448195,ORG
krish naik,448249,448259,PERSON
three,448260,448265,CARDINAL
argentina,448371,448380,GPE
one,448767,448770,CARDINAL
one,448903,448906,CARDINAL
brazil,448918,448924,GPE
second,449025,449031,ORDINAL
friday,449333,449339,DATE
morning,449340,449347,TIME
week,449395,449399,DATE
spain,449461,449466,GPE
one,449553,449556,CARDINAL
kim dataprofessor,449831,449848,PERSON
krish naik,449849,449859,PERSON
last couple month,450196,450213,DATE
summer,450848,450854,DATE
krish,450918,450923,NORP
krish,451160,451165,NORP
first year,451726,451736,DATE
one,451755,451758,CARDINAL
second,451806,451812,ORDINAL
kaggle,451882,451888,PERSON
day day,452184,452191,DATE
one,452518,452521,CARDINAL
june,452657,452661,DATE
u month,453349,453356,DATE
second,453485,453491,ORDINAL
indian,453492,453498,NORP
anaconda lib,454342,454354,PERSON
neuron,454425,454431,ORG
almost day,454599,454609,DATE
first,455092,455097,ORDINAL
one,455392,455395,CARDINAL
one,455414,455417,CARDINAL
proxy info,455875,455885,PERSON
tweet info,456244,456254,PERSON
proxy info,456261,456271,PERSON
english,456462,456469,LANGUAGE
mac,456707,456710,ORG
mac,456728,456731,ORG
kaggle kernel yo,457000,457016,ORG
tweet easy,457188,457198,PERSON
one,457556,457559,CARDINAL
ibm,457565,457568,ORG
one,457817,457820,CARDINAL
today,458629,458634,DATE
zero,458722,458726,CARDINAL
second,459676,459682,ORDINAL
one,459683,459686,CARDINAL
third,459835,459840,ORDINAL
first,460051,460056,ORDINAL
one,460547,460550,CARDINAL
week ago,460715,460723,DATE
first,460908,460913,ORDINAL
yesterday,460919,460928,DATE
first,461737,461742,ORDINAL
last year,462592,462601,DATE
zero,462671,462675,CARDINAL
kaggle,463051,463057,PRODUCT
month,463698,463703,DATE
month,463886,463891,DATE
financial engineer channel,463994,464020,ORG
mohamed github,464321,464335,PERSON
one,464357,464360,CARDINAL
next month,464478,464488,DATE
summer,465174,465180,DATE
one,465537,465540,CARDINAL
turkey,465601,465607,GPE
year,466276,466280,DATE
october,466740,466747,DATE
october,466817,466824,DATE
first,467075,467080,ORDINAL
year,467404,467408,DATE
first,467626,467631,ORDINAL
therpy,467685,467691,NORP
undergrad film tv,468782,468799,ORG
last week,469532,469541,DATE
past year,469685,469694,DATE
matlab tableau,469829,469843,ORG
focus kaggle,470543,470555,ORG
mac,470610,470613,ORG
hugo,470622,470626,EVENT
today,471347,471352,DATE
jimdo,471445,471450,PERSON
zero,471544,471548,CARDINAL
year,471891,471895,DATE
html cs machine learning,472451,472475,PERSON
evening,472501,472508,TIME
ken jee,472513,472520,PERSON
zero,472643,472647,CARDINAL
linkedin,472909,472917,GPE
couple year,473136,473147,DATE
american,473166,473174,NORP
india,473446,473451,GPE
mbp gb,473884,473890,PERSON
month,474168,474173,DATE
two,474331,474334,CARDINAL
two minute,474509,474519,TIME
weekend,474564,474571,DATE
monday,474905,474911,DATE
hugo,474920,474924,EVENT
tableau,475320,475327,PERSON
year,475482,475486,DATE
one,475566,475569,CARDINAL
year ago,476045,476053,DATE
first,476722,476727,ORDINAL
first,476748,476753,ORDINAL
next year,476891,476900,DATE
sunday,476905,476911,DATE
first,476941,476946,ORDINAL
mac,476959,476962,ORG
mac,476990,476993,ORG
one,477371,477374,CARDINAL
many hour,477485,477494,TIME
year,477568,477572,DATE
zero,478247,478251,CARDINAL
ibm,478518,478521,ORG
muy bien,478888,478896,PERSON
suscrito,478907,478915,ORG
one,479222,479225,CARDINAL
second,479384,479390,ORDINAL
next year,480338,480347,DATE
summer,480528,480534,DATE
tommy baker,480746,480757,PERSON
cathy neil,480782,480792,PERSON
year,481358,481362,DATE
year,481518,481522,DATE
one,481562,481565,CARDINAL
first,481877,481882,ORDINAL
secondly,481907,481915,ORDINAL
first year,482206,482216,DATE
second year,482234,482245,DATE
boston,482264,482270,GPE
one,482683,482686,CARDINAL
first,483021,483026,ORDINAL
zero,483235,483239,CARDINAL
first,484265,484270,ORDINAL
one,484289,484292,CARDINAL
sec,484495,484498,ORG
summer,485111,485117,DATE
couple year,485156,485167,DATE
september,485577,485586,DATE
morning evening,486141,486156,TIME
several year,486193,486205,DATE
u,486663,486664,ORG
almost hour,486670,486681,TIME
sci,486727,486730,ORG
london,486847,486853,GPE
week final week,486870,486885,DATE
past hour,487640,487649,TIME
shap shapley additive,488071,488092,ORG
mohamed github,488564,488578,PERSON
neck nigga sir mast degree,488584,488610,PERSON
one,488989,488992,CARDINAL
tele prompter,489790,489803,ORG
shud,490560,490564,CARDINAL
six,491721,491724,CARDINAL
ibm,492140,492143,ORG
summer,492997,493003,DATE
one,493009,493012,CARDINAL
last summer,493013,493024,DATE
analytics year,493174,493188,DATE
ken quick question mathematics,493957,493987,PERSON
year,494178,494182,DATE
one,494321,494324,CARDINAL
last year,494580,494589,DATE
ibm,494631,494634,ORG
day,494968,494971,DATE
couple week,495030,495041,DATE
couple year ago,495100,495115,DATE
al,495355,495357,PERSON
glenn myatt,495707,495718,PERSON
wayne johnson,495719,495732,PERSON
first,495748,495753,ORDINAL
four,495754,495758,CARDINAL
skill scott young,496514,496531,PERSON
like year,496837,496846,DATE
month,499060,499065,DATE
first,499147,499152,ORDINAL
january,499448,499455,DATE
zero,499857,499861,CARDINAL
stefan mischook,500263,500278,PERSON
japanese,500382,500390,NORP
one,501493,501496,CARDINAL
mindset ton,501552,501563,PERSON
uci,502152,502155,ORG
one,503004,503007,CARDINAL
kinda,503223,503228,GPE
germany,503534,503541,GPE
europe,503712,503718,LOC
two,503994,503997,CARDINAL
ibm,504056,504059,ORG
first,504168,504173,ORDINAL
week ago,504264,504272,DATE
last year,504396,504405,DATE
quarterly,504426,504435,DATE
aa ba,504479,504484,PERSON
brazil,504682,504688,GPE
one,505318,505321,CARDINAL
second year,505751,505762,DATE
indian,506112,506118,NORP
indian,506143,506149,NORP
indian,506167,506173,NORP
summer,506692,506698,DATE
ton,507176,507179,CARDINAL
first,507447,507452,ORDINAL
zero,507533,507537,CARDINAL
jupiter,507761,507768,LOC
past month,508197,508207,DATE
kaggle linkedin learning,508269,508293,LOC
khan academy,508767,508779,ORG
one,509086,509089,CARDINAL
one,509397,509400,CARDINAL
stanford week,509817,509830,ORG
past five week,509882,509896,DATE
last year,511502,511511,DATE
first,512214,512219,ORDINAL
brazil,512300,512306,GPE
france,512320,512326,GPE
brazil,512462,512468,GPE
info kenjee,513911,513922,PERSON
million,515241,515248,CARDINAL
vinay,515275,515280,GPE
year,515846,515850,DATE
chicago,515985,515992,GPE
two,516602,516605,CARDINAL
english,516671,516678,NORP
one,517371,517374,CARDINAL
every single day,517381,517397,DATE
today,517407,517412,DATE
ibm,517801,517804,ORG
day day,518137,518144,DATE
kj,520041,520043,PERSON
mumbai,520350,520356,ORG
india,520357,520362,GPE
second,520927,520933,ORDINAL
thousand row,521281,521293,DATE
second,521377,521383,ORDINAL
second,521414,521420,ORDINAL
first year,521734,521744,DATE
two,523129,523132,CARDINAL
one,524048,524051,CARDINAL
ill stick,524214,524223,PERSON
one,524919,524922,CARDINAL
graduated year ago,525010,525028,DATE
science day,525095,525106,DATE
last month,525128,525138,DATE
one year,525164,525172,DATE
zero,525190,525194,CARDINAL
last day,525706,525714,DATE
kaggle,525731,525737,PRODUCT
one,526085,526088,CARDINAL
kaggle,526710,526716,PRODUCT
yesterday,527307,527316,DATE
first,527543,527548,ORDINAL
india,527984,527989,GPE
year,528558,528562,DATE
india,528583,528588,GPE
usa th year m,528616,528629,ORG
year,528718,528722,DATE
today,529505,529510,DATE
today,529576,529581,DATE
second,529764,529770,ORDINAL
one,529944,529947,CARDINAL
europe,529998,530004,LOC
second,530149,530155,ORDINAL
helo,530331,530335,PERSON
boi,531433,531436,GPE
first,531817,531822,ORDINAL
million,532178,532185,CARDINAL
four year,532372,532381,DATE
year,532903,532907,DATE
india,532928,532933,GPE
usa th year m,532961,532974,ORG
year,533063,533067,DATE
csv,533671,533674,ORG
year old,533946,533954,DATE
nba,533973,533976,ORG
japan,534243,534248,GPE
japanese,534275,534283,NORP
today,534890,534895,DATE
month,535412,535417,DATE
next couple month,536965,536982,DATE
zero,537632,537636,CARDINAL
next month,537828,537838,DATE
agi,537911,537914,NORP
annual,538131,538137,DATE
first,538803,538808,ORDINAL
like week ago,539210,539223,DATE
congrats ken pls upload,539421,539444,PERSON
month ago,539566,539575,DATE
first,540905,540910,ORDINAL
summer,541555,541561,DATE
ken jen,541782,541789,PERSON
github github,541835,541848,PERSON
year,542328,542332,DATE
july,542410,542414,DATE
summer,542671,542677,DATE
year old,542949,542957,DATE
one,543898,543901,CARDINAL
first,544334,544339,ORDINAL
first,544550,544555,ORDINAL
pascal year ago,544571,544586,DATE
d month,544797,544804,DATE
last two week,544820,544833,DATE
last year,544954,544963,DATE
syllabus,545430,545438,ORG
ireland,545783,545790,GPE
two year,545992,546000,DATE
winter,546156,546162,DATE
summer,546174,546180,DATE
kaggle project,546725,546739,PRODUCT
oura,547465,547469,PERSON
one,548705,548708,CARDINAL
kaggle house,548735,548747,ORG
working year,549181,549193,DATE
twelve week,549325,549336,DATE
month,549354,549359,DATE
next month year,549848,549863,DATE
every month,549907,549918,DATE
model end year,550068,550082,DATE
one week ago,550213,550225,DATE
five year,550371,550380,DATE
today,550385,550390,DATE
last five year,550402,550416,DATE
week last six month,550622,550641,DATE
six month,550651,550660,DATE
wayne winston,551523,551536,PERSON
one,551652,551655,CARDINAL
zero,552175,552179,CARDINAL
year,552952,552956,DATE
one,553366,553369,CARDINAL
gensim kera,553574,553585,PERSON
coming day,554010,554020,DATE
first,554350,554355,ORDINAL
zero,554552,554556,CARDINAL
kaggle,555187,555193,PERSON
late day,555653,555661,DATE
panda,555910,555915,ORG
panda,555948,555953,ORG
one,556038,556041,CARDINAL
year,556242,556246,DATE
first,556302,556307,ORDINAL
month,556413,556418,DATE
american,556742,556750,NORP
morning,557069,557076,TIME
today,557379,557384,DATE
nyc,557457,557460,LOC
pre processing month,557991,558011,DATE
last year,558188,558197,DATE
hour,558266,558270,TIME
india,558431,558436,GPE
next year,558794,558803,DATE
next month,559634,559644,DATE
kane,559989,559993,PERSON
one,560049,560052,CARDINAL
first,560573,560578,ORDINAL
one,560594,560597,CARDINAL
third year,560779,560789,DATE
next year,560838,560847,DATE
one,561004,561007,CARDINAL
year,561300,561304,DATE
linkedin,562540,562548,ORG
journey week ago,562862,562878,DATE
nba,564450,564453,ORG
first,564564,564569,ORDINAL
weekly,565209,565215,DATE
monthly,565216,565223,DATE
two,565299,565302,CARDINAL
ken month,565564,565573,DATE
year old,565759,565767,DATE
third,566004,566009,ORDINAL
mech,566107,566111,PERSON
first,566125,566130,ORDINAL
one,566324,566327,CARDINAL
july,566415,566419,DATE
august,566438,566444,DATE
toronto,566650,566657,GPE
october,566681,566688,DATE
year,566969,566973,DATE
summer,567106,567112,DATE
ibm,567352,567355,ORG
ibm,568043,568046,ORG
first,568341,568346,ORDINAL
next month,568693,568703,DATE
next year,569159,569168,DATE
first year,569183,569193,DATE
kaggle,569636,569642,PRODUCT
two,570796,570799,CARDINAL
one,570831,570834,CARDINAL
realy,571023,571028,GPE
one,571209,571212,CARDINAL
year,571851,571855,DATE
daily,572009,572014,DATE
one,572153,572156,CARDINAL
uk,573095,573097,GPE
three,573270,573275,CARDINAL
one,573295,573298,CARDINAL
syllabus,573306,573314,ORG
one,573355,573358,CARDINAL
one,574389,574392,CARDINAL
one,574564,574567,CARDINAL
beginner year,574661,574674,DATE
first,574705,574710,ORDINAL
mech,574802,574806,PERSON
one week,575107,575115,DATE
today,576187,576192,DATE
coming year,576279,576290,DATE
first,576411,576416,ORDINAL
every year,576991,577001,DATE
one,577148,577151,CARDINAL
earlier year,577354,577366,DATE
summer,577594,577600,DATE
summer,577842,577848,DATE
series night,579189,579201,TIME
barcelona,579228,579237,ORG
cooky continue,579607,579621,PERSON
today,579694,579699,DATE
one,579814,579817,CARDINAL
first,579907,579912,ORDINAL
nba,580092,580095,ORG
nba league,580101,580111,ORG
month,580615,580620,DATE
year two,581324,581332,DATE
next month,581631,581641,DATE
one,582356,582359,CARDINAL
today,583144,583149,DATE
month ago,583556,583565,DATE
george musick,583581,583594,PERSON
indian,583633,583639,NORP
indian,583652,583658,NORP
four month ago,583881,583895,DATE
year old,584104,584112,DATE
chicago,584384,584391,GPE
tomorrow,584605,584613,DATE
engineering year year,585560,585581,DATE
hundred thousand million,586261,586285,CARDINAL
kellogg,586636,586643,ORG
one,587113,587116,CARDINAL
second,587131,587137,ORDINAL
git github,587462,587472,PERSON
one,587554,587557,CARDINAL
first,587636,587641,ORDINAL
two,588016,588019,CARDINAL
first,588450,588455,ORDINAL
many year,588577,588586,DATE
one,588593,588596,CARDINAL
mid day,588765,588772,DATE
one,588891,588894,CARDINAL
conda,589125,589130,GPE
three,589472,589477,CARDINAL
jobcontainer,589633,589645,ORG
india,590485,590490,GPE
summer,591074,591080,DATE
one,592257,592260,CARDINAL
niccolo anaconda lib,592741,592761,PERSON
anaconda lib,592861,592873,PERSON
niccolo anaconda lib,592956,592976,PERSON
niccolo anaconda lib,593098,593118,PERSON
niccolo anaconda lib,593187,593207,PERSON
two,594265,594268,CARDINAL
first,594277,594282,ORDINAL
first,594333,594338,ORDINAL
second,594372,594378,ORDINAL
one,595477,595480,CARDINAL
meybe feature,595842,595855,PERSON
nba,595939,595942,ORG
three,596051,596056,CARDINAL
jobcontainer,596212,596224,ORG
yesterday,597170,597179,DATE
today,597201,597206,DATE
one,597623,597626,CARDINAL
one,597644,597647,CARDINAL
st viewer,598702,598711,PERSON
first,598751,598756,ORDINAL
one,599546,599549,CARDINAL
one extra year,600547,600561,DATE
five,600677,600681,CARDINAL
north africa,601051,601063,GPE
year,602219,602223,DATE
yesterday,603699,603708,DATE
today,603738,603743,DATE
friday,603877,603883,DATE
one,604223,604226,CARDINAL
first,604246,604251,ORDINAL
around minute,604786,604799,TIME
one,605274,605277,CARDINAL
first,605485,605490,ORDINAL
second,606012,606018,ORDINAL
next year,606216,606225,DATE
wednesday,607025,607034,DATE
one,607407,607410,CARDINAL
csv,607535,607538,ORG
first,607962,607967,ORDINAL
hahaha,608064,608070,PERSON
cv structure github case,608208,608232,PERSON
first,608573,608578,ORDINAL
early season,608893,608905,DATE
monday,609136,609142,DATE
portugal,609233,609241,GPE
year research,609326,609339,ORG
ken edoardo brizi,609860,609877,PERSON
one,609899,609902,CARDINAL
uk university great reputation,610166,610196,ORG
uk,610407,610409,GPE
today,610786,610791,DATE
two,610910,610913,CARDINAL
tableau mario hi,610938,610954,PERSON
half,612152,612156,CARDINAL
downt,612400,612405,PERSON
little year,612699,612710,DATE
august,612880,612886,DATE
keystone habit,613262,613276,PERSON
last month,613277,613287,DATE
amazon,613445,613451,ORG
focus generalized,614583,614600,ORG
arabic,615182,615188,NORP
almost half,615602,615613,CARDINAL
fledge data science,615921,615940,ORG
ken ide,616199,616206,PERSON
three,616322,616327,CARDINAL
nba,616768,616771,ORG
one,617498,617501,CARDINAL
tomorrow,617671,617679,DATE
morning,617680,617687,TIME
last year,617727,617736,DATE
next year,617790,617799,DATE
india,617960,617965,GPE
one,618148,618151,CARDINAL
project asian,618327,618340,ORG
next year,618639,618648,DATE
one,618673,618676,CARDINAL
one,618733,618736,CARDINAL
second year,619434,619445,DATE
runcell,620345,620352,ORG
james spyder,620358,620370,PERSON
first,620427,620432,ORDINAL
one,620819,620822,CARDINAL
three month,621602,621613,DATE
one,621824,621827,CARDINAL
first,622921,622926,ORDINAL
second,623025,623031,ORDINAL
year old,623618,623626,DATE
two month,623627,623636,DATE
ibm,623829,623832,ORG
two year,625126,625134,DATE
tableau,625151,625158,GPE
summer,625226,625232,DATE
last day,625804,625812,DATE
library kaggle,626843,626857,PERSON
two year,627063,627071,DATE
day,628064,628067,DATE
panda data,628185,628195,ORG
second,628486,628492,ORDINAL
hour,629074,629078,TIME
first,629473,629478,ORDINAL
last year,629630,629639,DATE
one,630121,630124,CARDINAL
nba,630639,630642,ORG
year later,630708,630718,DATE
year,631285,631289,DATE
one,631545,631548,CARDINAL
two year,632285,632293,DATE
one,632302,632305,CARDINAL
uk,632428,632430,GPE
two month,632828,632837,DATE
afternoon,633817,633826,TIME
anaconda lib,634206,634218,PERSON
anaconda lib,634515,634527,PERSON
anaconda lib,634686,634698,PERSON
one,635029,635032,CARDINAL
today,636158,636163,DATE
nba,636164,636167,ORG
nba,636470,636473,ORG
panda read html,636699,636714,ORG
wtf csv,636982,636989,PERSON
first,638220,638225,ORDINAL
anaconda lib site,638532,638549,PERSON
anaconda lib site,638646,638663,PERSON
anaconda lib site,638738,638755,PERSON
anaconda lib site,638855,638872,PERSON
anaconda lib site,638968,638985,PERSON
anaconda lib,639093,639105,PERSON
anaconda lib,639202,639214,PERSON
anaconda lib site,639304,639321,PERSON
one,641642,641645,CARDINAL
video ba,641829,641837,PERSON
one,641965,641968,CARDINAL
first,642483,642488,ORDINAL
couple year,642820,642831,DATE
one,643053,643056,CARDINAL
hour,643496,643500,TIME
brazilian,645117,645126,NORP
one,645527,645530,CARDINAL
today,646836,646841,DATE
kaggle,647262,647268,PERSON
india,647714,647719,GPE
india,647758,647763,GPE
diploma data science guide country institute,647785,647829,ORG
denver,647927,647933,GPE
next fall,647934,647943,DATE
udemy kahn academy,647975,647993,ORG
next summer,648054,648065,DATE
end year,648347,648355,DATE
half,648578,648582,CARDINAL
nba,648715,648718,ORG
first,648958,648963,ORDINAL
russia,649353,649359,GPE
first,649360,649365,ORDINAL
denver,649470,649476,GPE
one,649490,649493,CARDINAL
one,650309,650312,CARDINAL
one,650335,650338,CARDINAL
nba,651066,651069,ORG
last year,651080,651089,DATE
second,651097,651103,ORDINAL
spreadsheet github,651446,651464,PERSON
university michigan,651779,651798,ORG
nba,651934,651937,ORG
one,652103,652106,CARDINAL
first,652266,652271,ORDINAL
biostatisician,652580,652594,NORP
entire year,652606,652617,DATE
first,652802,652807,ORDINAL
nba analytics channel,653014,653035,ORG
one,653118,653121,CARDINAL
one,653325,653328,CARDINAL
nice day,654595,654603,DATE
nba,654899,654902,ORG
india,654968,654973,GPE
first,655604,655609,ORDINAL
south korea,655948,655959,GPE
github kaggle,656046,656059,PERSON
use hour minute,656467,656482,TIME
ken bos,656587,656594,PERSON
one,657419,657422,CARDINAL
last year,657535,657544,DATE
one,657572,657575,CARDINAL
month,657959,657964,DATE
maybe month,657991,658002,DATE
denver,658129,658135,GPE
two,658253,658256,CARDINAL
last month,658776,658786,DATE
week ago,659551,659559,DATE
today,659587,659592,DATE
today,659603,659608,DATE
one,660376,660379,CARDINAL
utah,660611,660615,GPE
year,660913,660917,DATE
donald trump,661330,661342,PERSON
english,661480,661487,LANGUAGE
nba,662245,662248,ORG
three,662273,662278,CARDINAL
one,662361,662364,CARDINAL
nba,662370,662373,ORG
one,662481,662484,CARDINAL
afternoon,662552,662561,TIME
minute,662771,662777,TIME
one,662807,662810,CARDINAL
year,662830,662834,DATE
one,663101,663104,CARDINAL
daily,663285,663290,DATE
weekly,663294,663300,DATE
one,663681,663684,CARDINAL
ken lee discovered channel nice job,664791,664826,PERSON
cali,666078,666082,GPE
roughly year,666186,666198,DATE
one,666579,666582,CARDINAL
canada,668253,668259,GPE
third,668468,668473,ORDINAL
first,668686,668691,ORDINAL
one,669031,669034,CARDINAL
one,669923,669926,CARDINAL
panda,670221,670226,ORG
world cup,670930,670939,EVENT
first,671016,671021,ORDINAL
one,671400,671403,CARDINAL
three,671609,671614,CARDINAL
five,671647,671651,CARDINAL
ten,671684,671687,CARDINAL
three,671720,671725,CARDINAL
five,671761,671765,CARDINAL
ten,671801,671804,CARDINAL
rmse random,671923,671934,PRODUCT
rmse,671954,671958,ORG
today date,672919,672929,DATE
yesterday,672930,672939,DATE
pa,673437,673439,GPE
two,673448,673451,CARDINAL
last month,674306,674316,DATE
english,674567,674574,LANGUAGE
daily,674718,674723,DATE
nba minute,675412,675422,TIME
month ago,675782,675791,DATE
hourly,675909,675915,TIME
daily,675928,675933,DATE
next month,675960,675970,DATE
